Pair	dN/dS
42036_NNRTIs	inf
42183_NNRTIs	1.65841109778841
55928_NNRTIs	0.7342138737705136
21890_NNRTIs	0
44969_NNRTIs	0
108149_NNRTIs	-nan
122034_NNRTIs	0.5257331727684094
214046_NNRTIs	0
232768_NNRTIs	inf
252392_NNRTIs	inf
253540_NNRTIs	0.7562099284555638
264159_NNRTIs	0.3706154838481348
9918_NNRTIs	1.132984454719689
25036_NNRTIs	0.2745545997976948
35596_NNRTIs	0.08600040911375616
37879_NNRTIs	inf
