Pair	dN/dS
42036_NNRTIs	0.3801131836969264
42183_NNRTIs	0.6323238746342967
55928_NNRTIs	0.2577544118308889
21890_NNRTIs	0.6010932408523615
44969_NNRTIs	1.603965047454875
108149_NNRTIs	inf
122034_NNRTIs	0.6134394835163963
214046_NNRTIs	0.3815301991603056
232768_NNRTIs	0
252392_NNRTIs	0.3999109473412027
253540_NNRTIs	inf
264159_NNRTIs	0.861682758416068
9918_NNRTIs	inf
25036_NNRTIs	0
35596_NNRTIs	0
37879_NNRTIs	0.1879367455353381
