Pair	dN/dS
42036_NNRTIs	inf
42183_NNRTIs	0.7956413036990474
55928_NNRTIs	1.03866613455539
21890_NNRTIs	0
44969_NNRTIs	0
108149_NNRTIs	-nan
122034_NNRTIs	0.6161298095202991
214046_NNRTIs	0
232768_NNRTIs	inf
252392_NNRTIs	inf
253540_NNRTIs	0.7859138576203034
264159_NNRTIs	0.3878509757821367
9918_NNRTIs	1.189811485467551
25036_NNRTIs	0.2317713810139594
35596_NNRTIs	0.09037372819740515
37879_NNRTIs	inf
