Pair	dN/dS
42036_NNRTIs	0.36000704555704
42183_NNRTIs	0.6116564881606569
55928_NNRTIs	0.2448161138276272
21890_NNRTIs	0.5684338177627585
44969_NNRTIs	1.515723278372333
108149_NNRTIs	inf
122034_NNRTIs	0.5786382387768094
214046_NNRTIs	0.4361746878370437
232768_NNRTIs	0
252392_NNRTIs	0.3788282902652299
253540_NNRTIs	inf
264159_NNRTIs	0.8085480407121706
9918_NNRTIs	inf
25036_NNRTIs	0
35596_NNRTIs	0
37879_NNRTIs	0.1796605464549652
