Pair	dN/dS
42036_NNRTIs	0.3468427101888605
42183_NNRTIs	0.113921640821139
55928_NNRTIs	0.2285520964089382
21890_NNRTIs	0.346607701117106
44969_NNRTIs	0
108149_NNRTIs	inf
122034_NNRTIs	0
214046_NNRTIs	0
232768_NNRTIs	0
252392_NNRTIs	0
253540_NNRTIs	0
264159_NNRTIs	-nan
9918_NNRTIs	0.3462140217026507
25036_NNRTIs	0.05719805703996771
35596_NNRTIs	0.04342954512024857
37879_NNRTIs	0
