Pair	dN/dS
118827_PIs	0.09802709296795487
26307_PIs	0.1759661975395669
39143_PIs	0.7190916711112336
42080_PIs	0
56120_PIs	0
118860_PIs	-nan
118935_PIs	0
118973_PIs	0.1703357537578807
118828_PIs	0
118986_PIs	inf
118954_PIs	0.7266119836777571
118745_PIs	0
118972_PIs	0
118823_PIs	0
118853_PIs	0
118886_PIs	0
118792_PIs	0
118811_PIs	0.2064261672607147
118903_PIs	0
118925_PIs	0
118761_PIs	0
118846_PIs	-nan
118956_PIs	0
118849_PIs	0
