Pair	dN/dS
42036_NNRTIs	inf
42183_NNRTIs	1.408958021155497
55928_NNRTIs	0.4737916792459036
21890_NNRTIs	-nan
122034_NNRTIs	0.4644891279407268
214046_NNRTIs	-nan
252392_NNRTIs	0.7104127276796779
253540_NNRTIs	0
264159_NNRTIs	0.343180400657821
8349_NNRTIs	0.9339042268326592
9918_NNRTIs	0.4707722551723558
25036_NNRTIs	1.187045595015073
35596_NNRTIs	0.1875609810529933
37879_NNRTIs	0.9320583897000797
57448_NNRTIs	0.2320738403706196
61483_NNRTIs	0.3084505924710256
61631_NNRTIs	-nan
